{
  "chi_square_test": {
    "statistic": 9.21861152141802,
    "p_value": 0.002395671626287788,
    "effect_size": 0.11669128508124077,
    "accuracy": 0.44165435745937964,
    "sample_size": 677,
    "interpretation": "Significant deviation from random"
  },
  "one_sample_ttest": {
    "statistic": -3.0548433827182775,
    "p_value": 0.0023403454073086397,
    "interpretation": "Significantly different from chance"
  }
}