{
  "chi_square_test": {
    "statistic": 22.684391080617495,
    "p_value": 1.9091240605822302e-06,
    "effect_size": 0.19725557461406518,
    "accuracy": 0.5986277873070326,
    "sample_size": 583,
    "interpretation": "Significant deviation from random"
  },
  "one_sample_ttest": {
    "statistic": 4.8540997292918995,
    "p_value": 1.5555647324574558e-06,
    "interpretation": "Significantly different from chance"
  }
}