{
  "chi_square_test": {
    "statistic": 109.34602829162132,
    "p_value": 1.3629044681988064e-25,
    "effect_size": 0.34494015233949943,
    "accuracy": 0.6724700761697497,
    "sample_size": 919,
    "interpretation": "Significant deviation from random"
  },
  "one_sample_ttest": {
    "statistic": 11.134561588215538,
    "p_value": 4.235034605578127e-27,
    "interpretation": "Significantly different from chance"
  }
}